0,
0,"https://t.me/VelasDevelopers, https://t.me/velascommunity"
0,"https://t.me/bitzCN, https://t.me/bitzEN"
0,"https://t.me/kattana_announcement, https://t.me/kattana_trade"
0,"https://t.me/KambriaKorea, https://t.me/kambriaofficial"
0,"https://t.me/Ultrain_CN, https://t.me/UltrainOfficial"
0,"https://t.me/phantasma_io, https://t.me/phantasma_io"
0,"https://t.me/kattana_announcement, https://t.me/kattana_trade"
0,"https://t.me/KambriaKorea, https://t.me/kambriaofficial"
0,"https://t.me/Ultrain_CN, https://t.me/UltrainOfficial"
0,"https://t.me/kattana_announcement, https://t.me/kattana_trade"
0,"https://t.me/KambriaKorea, https://t.me/kambriaofficial"
0,"https://t.me/Ultrain_CN, https://t.me/UltrainOfficial"
0,"https://t.me/kattana_announcement, https://t.me/kattana_trade"
0,"https://t.me/KambriaKorea, https://t.me/kambriaofficial"
0,"https://t.me/Ultrain_CN, https://t.me/UltrainOfficial"
0,"https://t.me/phantasma_io, https://t.me/phantasma_io"
0,"https://t.me/ionchain, https://t.me/ionchainen"
0,"https://t.me/kattana_announcement, https://t.me/kattana_trade"
0,"https://t.me/KambriaKorea, https://t.me/kambriaofficial"
0,"https://t.me/Ultrain_CN, https://t.me/UltrainOfficial"
0,"https://t.me/phantasma_io, https://t.me/phantasma_io"
0,"https://t.me/ionchain, https://t.me/ionchainen"
0,"https://t.me/projectwith_kor, https://t.me/projectwith_eng"
0,"https://t.me/muzika_korean, https://t.me/muzika_english"
0,https://t.me/tinfoilfinance
0,"https://t.me/kattana_announcement, https://t.me/kattana_trade"
0,"https://t.me/KambriaKorea, https://t.me/kambriaofficial"
0,"https://t.me/Ultrain_CN, https://t.me/UltrainOfficial"
0,"https://t.me/phantasma_io, https://t.me/phantasma_io"
0,"https://t.me/ionchain, https://t.me/ionchainen"
0,"https://t.me/kattana_announcement, https://t.me/kattana_trade"
0,"https://t.me/KambriaKorea, https://t.me/kambriaofficial"
0,"https://t.me/Ultrain_CN, https://t.me/UltrainOfficial"
0,"https://t.me/kattana_announcement, https://t.me/kattana_trade"
0,"https://t.me/KambriaKorea, https://t.me/kambriaofficial"
0,"https://t.me/Ultrain_CN, https://t.me/UltrainOfficial"
0,"https://t.me/phantasma_io, https://t.me/phantasma_io"
0,"https://t.me/ionchain, https://t.me/ionchainen"
0,"https://t.me/kattana_announcement, https://t.me/kattana_trade"
0,"https://t.me/KambriaKorea, https://t.me/kambriaofficial"
0,"https://t.me/kattana_announcement, https://t.me/kattana_trade"
0,"https://t.me/KambriaKorea, https://t.me/kambriaofficial"
0,"https://t.me/Ultrain_CN, https://t.me/UltrainOfficial"
0,"https://t.me/kattana_announcement, https://t.me/kattana_trade"
0,"https://t.me/kattana_announcement, https://t.me/kattana_trade"
0,"https://t.me/kattana_announcement, https://t.me/kattana_trade"
0,"https://t.me/KambriaKorea, https://t.me/kambriaofficial"
0,"https://t.me/Ultrain_CN, https://t.me/UltrainOfficial"
0,"https://t.me/phantasma_io, https://t.me/phantasma_io"
0,"https://t.me/ionchain, https://t.me/ionchainen"
0,"https://t.me/kattana_announcement, https://t.me/kattana_trade"
0,"https://t.me/KambriaKorea, https://t.me/kambriaofficial"
0,"https://t.me/Ultrain_CN, https://t.me/UltrainOfficial"
0,"https://t.me/kattana_announcement, https://t.me/kattana_trade"
0,"https://t.me/KambriaKorea, https://t.me/kambriaofficial"
0,"https://t.me/Ultrain_CN, https://t.me/UltrainOfficial"
0,"https://t.me/kattana_announcement, https://t.me/kattana_trade"
0,"https://t.me/KambriaKorea, https://t.me/kambriaofficial"
0,"https://t.me/Ultrain_CN, https://t.me/UltrainOfficial"
0,"https://t.me/phantasma_io, https://t.me/phantasma_io"
0,"https://t.me/ionchain, https://t.me/ionchainen"
0,"https://t.me/kattana_announcement, https://t.me/kattana_trade"
0,"https://t.me/KambriaKorea, https://t.me/kambriaofficial"
0,"https://t.me/kattana_announcement, https://t.me/kattana_trade"
0,"https://t.me/kattana_announcement, https://t.me/kattana_trade"
0,"https://t.me/KambriaKorea, https://t.me/kambriaofficial"
0,"https://t.me/Ultrain_CN, https://t.me/UltrainOfficial"
0,"https://t.me/phantasma_io, https://t.me/phantasma_io"
0,"https://t.me/ionchain, https://t.me/ionchainen"
